{
  "rdbms": {
    "SQLITE": {
      "databaseName": "${entrepot_file}",
      "pluginId": "SQLITE",
      "accessType": 0,
      "hostname": "",
      "password": "Encrypted ",
      "pluginName": "SQLite",
      "port": "",
      "attributes": {
        "SUPPORTS_TIMESTAMP_DATA_TYPE": "N",
        "QUOTE_ALL_FIELDS": "N",
        "SUPPORTS_BOOLEAN_DATA_TYPE": "N",
        "FORCE_IDENTIFIERS_TO_LOWERCASE": "N",
        "PRESERVE_RESERVED_WORD_CASE": "Y",
        "SQL_CONNECT": "",
        "FORCE_IDENTIFIERS_TO_UPPERCASE": "N",
        "PREFERRED_SCHEMA_NAME": ""
      },
      "manualUrl": "",
      "username": ""
    }
  },
  "name": "entrepot"
}