{
  "variables" : [ {
    "name" : "data_dir",
    "value" : "${PROJECT_HOME}/data",
    "description" : ""
  }, {
    "name" : "output_dir",
    "value" : "${PROJECT_HOME}/fichiers_sortie",
    "description" : ""
  }, {
    "name" : "entrepot_file",
    "value" : "${data_dir}/entrepot.db",
    "description" : ""
  }, {
    "name" : "dates_file",
    "value" : "${data_dir}/dates.csv",
    "description" : ""
  }, {
    "name" : "geography_file",
    "value" : "${data_dir}/geography.csv",
    "description" : ""
  }, {
    "name" : "prestations_file",
    "value" : "${data_dir}/prestations.csv",
    "description" : ""
  }, {
    "name" : "test_out",
    "value" : "${data_dir}/operational_data.db",
    "description" : ""
  } ]
}